candidato,permutacion
MARINOVIC SOLO DE ZALDIVAR MIODRAG,MIODRAG MARINOVIC SOLO DE ZALDIVAR
TORRES DE LA BARRA ALEJANDRO,ALEJANDRO TORRES DE LA BARRA
DIAZ DEL RIO RIESCO GONZALO,GONZALO DIAZ DEL RIO RIESCO
VAN RYSSELBERGHE HERRERA JACQUELINE,JACQUELINE VAN RYSSELBERGHE HERRERA
SEGUEL SAN MARTIN HECTOR JOAQUIN,HECTOR JOAQUIN SEGUEL SAN MARTIN
DE URRESTI LONGTON ALFONSO,ALFONSO DE URRESTI LONGTON
VAN RYSSELBERGHE HERRERA ENRIQUE,ENRIQUE VAN RYSSELBERGHE HERRERA
DE MUSSY HIRIART FELIPE,FELIPE DE MUSSY HIRIART
SAN MARTIN FLORES IVAN GERARDO,IVAN GERARDO SAN MARTIN FLORES
MUNOZ SAN MARTIN JULIO,JULIO MUNOZ SAN MARTIN
DEL REAL MIHOVILOVIC CATALINA,CATALINA DEL REAL MIHOVILOVIC
TEILLIER DEL VALLE GUILLERMO,GUILLERMO TEILLIER DEL VALLE
VON MUHLENBROCK ZAMORA GASTON,GASTON VON MUHLENBROCK ZAMORA
GUILLIER ALVAREZ ALEJANDRO,ALEJANDRO GUILLIER ALVAREZ
CANTERO OJEDA CARLOS,CARLOS CANTERO OJEDA
CONTRERAS BRANA GISELA,GISELA CONTRERAS BRANA
ROJAS MOLINA MANUEL,MANUEL ROJAS MOLINA
ARAYA GUERRERO PEDRO,PEDRO ARAYA GUERRERO
MUNOZ D'ALBORA ADRIANA,ADRIANA MUNOZ D'ALBORA
URIARTE HERRERA GONZALO,GONZALO URIARTE HERRERA
PIZARRO SOTO JORGE,JORGE PIZARRO SOTO
VEGA GONZALEZ LUIS,LUIS VEGA GONZALEZ
BERTOLINO RENDIC MARIO,MARIO BERTOLINO RENDIC
CARDEMIL HERRERA ALBERTO,ALBERTO CARDEMIL HERRERA
GARCIA-HUIDOBRO SANFUENTES ALEJANDRO,ALEJANDRO GARCIA-HUIDOBRO SANFUENTES
ESCALONA MEDINA CAMILO,CAMILO ESCALONA MEDINA
CONTESSE GONZALEZ DANIEL,DANIEL CONTESSE GONZALEZ
GONZALEZ GATICA GRACIELA,GRACIELA GONZALEZ GATICA
SANDOVAL OJEDA JAVIER,JAVIER SANDOVAL OJEDA
MUNOZ GUTIERREZ LORETO,LORETO MUNOZ GUTIERREZ
HARBOE BASCUNAN FELIPE,FELIPE HARBOE BASCUNAN
SABAG CASTILLO HOSAIN,HOSAIN SABAG CASTILLO
OYARCE SUAZO ROSA,ROSA OYARCE SUAZO
PEREZ VARELA VICTOR,VICTOR PEREZ VARELA
ASCENCIO MANSILLA GABRIEL,GABRIEL ASCENCIO MANSILLA
MOREIRA BARROS IVAN,IVAN MOREIRA BARROS
QUINTEROS LARA RABINDRANATH,RABINDRANATH QUINTEROS LARA
BIANCHI CHELECH CARLOS,CARLOS BIANCHI CHELECH
GOIC BOROEVIC CAROLINA,CAROLINA GOIC BOROEVIC
BERGER DEMPSTER FRANCISCO,FRANCISCO BERGER DEMPSTER
MUNOZ ABURTO PEDRO,PEDRO MUNOZ ABURTO
TAPIA OGEDA SERGIO,SERGIO TAPIA OGEDA
UNDURRAGA VICUNA ALBERTO,ALBERTO UNDURRAGA VICUNA
ALLAMAND ZAVALA ANDRES,ANDRES ALLAMAND ZAVALA
GUTIERREZ GONZALEZ EDUARDO,EDUARDO GUTIERREZ GONZALEZ
GIRARDI LAVIN GUIDO,GUIDO GIRARDI LAVIN
ZALAQUETT SAID PABLO,PABLO ZALAQUETT SAID
ALFSEN OVANDO WILFREDO,WILFREDO ALFSEN OVANDO
MONTES CISTERNAS CARLOS,CARLOS MONTES CISTERNAS
CARRASCO MORA IVAN,IVAN CARRASCO MORA
GOLBORNE RIVEROS LAURENCE,LAURENCE GOLBORNE RIVEROS
GUZMAN SINKOVICH PATRICIO,PATRICIO GUZMAN SINKOVICH
ALVEAR VALENZUELA SOLEDAD,SOLEDAD ALVEAR VALENZUELA
MARDONES RIQUELME ABERNEGO,ABERNEGO MARDONES RIQUELME
ARAVENA RETAMAL ALEJANDRO,ALEJANDRO ARAVENA RETAMAL
MUNOZ FIGUEROA RODRIGO,RODRIGO MUNOZ FIGUEROA
FUENTES MANRIQUEZ CRISTIAN,CRISTIAN FUENTES MANRIQUEZ
GUTIERREZ GALVEZ HUGO,HUGO GUTIERREZ GALVEZ
JOFRE NUNEZ NESTOR,NESTOR JOFRE NUNEZ
TRISOTTI MARTINEZ RENZO,RENZO TRISOTTI MARTINEZ
HEVIA GARRIDO BERNARDO,BERNARDO HEVIA GARRIDO
CUEVAS ZAMBRANO CRISTIAN,CRISTIAN CUEVAS ZAMBRANO
AGUSTO PEREZ DANIEL,DANIEL AGUSTO PEREZ
WARD EDWARDS FELIPE,FELIPE WARD EDWARDS
ONELL ARACENA PABLO,PABLO ONELL ARACENA
MANRIQUEZ PICCININI ALEJANDRO,ALEJANDRO MANRIQUEZ PICCININI
PORTILLA BARRAZA ESLAYNE,ESLAYNE PORTILLA BARRAZA
NUNEZ URRUTIA PAULINA,PAULINA NUNEZ URRUTIA
VOLTA VALENCIA VALENTIN,VALENTIN VOLTA VALENCIA
VIOLIC ASTORGA BALDO,BALDO VIOLIC ASTORGA
VILCHES GUZMAN CARLOS,CARLOS VILCHES GUZMAN
CICARDINI MILLA DANIELLA,DANIELLA CICARDINI MILLA
CARMONA SOTO LAUTARO,LAUTARO CARMONA SOTO
ROBLES PANTOJA ALBERTO,ALBERTO ROBLES PANTOJA
ASTUDILLO BENITEZ ANDRES,ANDRES ASTUDILLO BENITEZ
CALDERON BASSI GIOVANNI,GIOVANNI CALDERON BASSI
URQUIETA GARCIA PATRICIO,PATRICIO URQUIETA GARCIA
PROVOSTE CAMPILLAY YASNA,YASNA PROVOSTE CAMPILLAY
ARGANDONA MEDINA PABLO,PABLO ARGANDONA MEDINA
SALDIVAR AUGER RAUL,RAUL SALDIVAR AUGER
GAHONA SALAZAR SERGIO,SERGIO GAHONA SALAZAR
NUNEZ ARANCIBIA DANIEL,DANIEL NUNEZ ARANCIBIA
CORTES BAUER DANIELLA,DANIELLA CORTES BAUER
PIZARRO OLIVARES ELIZABETH,ELIZABETH PIZARRO OLIVARES
LLEWELLYN TAME JOYCE,JOYCE LLEWELLYN TAME
WALKER PRIETO MATIAS,MATIAS WALKER PRIETO
PEREZ CRISTIA ROBERTO,ROBERTO PEREZ CRISTIA
VERDUGO BARAONA SUSANA,SUSANA VERDUGO BARAONA
CHAVEZ ASTUDILLO ALBERTO,ALBERTO CHAVEZ ASTUDILLO
HERMAN HERRERA FERNANDO,FERNANDO HERMAN HERRERA
CISTERNAS TAPIA IVAN,IVAN CISTERNAS TAPIA
LEMUS ARACENA LUIS,LUIS LEMUS ARACENA
MOLINA OLIVA ANDREA,ANDREA MOLINA OLIVA
URIZAR MUNOZ CHRISTIAN,CHRISTIAN URIZAR MUNOZ
CERDA GARCIA EDUARDO,EDUARDO CERDA GARCIA
TEAO DRAGO HOTUITI,HOTUITI TEAO DRAGO
OLAVARRIA CARCAMO LETICIA,LETICIA OLAVARRIA CARCAMO
SOTO PEREZ LUIS,LUIS SOTO PEREZ
CUEVAS MANCILLA FELIPE,FELIPE CUEVAS MANCILLA
RIVAS SANCHEZ GASPAR,GASPAR RIVAS SANCHEZ
RISTEMPART SOTO GUSTAVO,GUSTAVO RISTEMPART SOTO
MORENO GARCIA MIGUEL,MIGUEL MORENO GARCIA
LONGTON GUERRERO ARTURO,ARTURO LONGTON GUERRERO
SQUELLA OVALLE ARTURO,ARTURO SQUELLA OVALLE
VERDESSI BELEMMI DANIEL,DANIEL VERDESSI BELEMMI
SCHILLING RODRIGUEZ MARCELO,MARCELO SCHILLING RODRIGUEZ
RISTEMPART SOTO MARTIN,MARTIN RISTEMPART SOTO
CORNEJO GONZALEZ ALDO,ALDO CORNEJO GONZALEZ
LOPEZ LEIVA DANIELA,DANIELA LOPEZ LEIVA
BARRIENTOS RAMIREZ JAIME,JAIME BARRIENTOS RAMIREZ
GODOY IBANEZ JOAQUIN,JOAQUIN GODOY IBANEZ
COULON LARRANAGA JORGE,JORGE COULON LARRANAGA
FARFAN SALINAS SEBASTIAN,SEBASTIAN FARFAN SALINAS
GOMEZ GONZALEZ CARLOS,CARLOS GOMEZ GONZALEZ
URRUTIA SOTO OSVALDO,OSVALDO URRUTIA SOTO
MUNOZ CASTILLO PATRICIO,PATRICIO MUNOZ CASTILLO
BRAVO OLIVA RICARDO,RICARDO BRAVO OLIVA
GONZALEZ TORRES RODRIGO,RODRIGO GONZALEZ TORRES
REYES CACERES FABIOLA,FABIOLA REYES CACERES
RODRIGUEZ VICUNA FERNANDO,FERNANDO RODRIGUEZ VICUNA
CARACCIOLO SOTO MILKO,MILKO CARACCIOLO SOTO
MORALES MARQUEZ OMAR,OMAR MORALES MARQUEZ
TORRES JELDES VICTOR,VICTOR TORRES JELDES
KORT GARRIGA ISSA,ISSA KORT GARRIGA
ACOSTA GALAZ IVAN,IVAN ACOSTA GALAZ
MEDINA SCHULZ PAMELA,PAMELA MEDINA SCHULZ
CERDA ARANCIBIA RICARDO,RICARDO CERDA ARANCIBIA
ROJAS ESPINOZA ANTONIO,ANTONIO ROJAS ESPINOZA
LETELIER NORAMBUENA FELIPE,FELIPE LETELIER NORAMBUENA
MUNOZ SANDOVAL LUCIA,LUCIA MUNOZ SANDOVAL
REY SOMMER PATRICIO,PATRICIO REY SOMMER
RINCON GONZALEZ RICARDO,RICARDO RINCON GONZALEZ
LAGUNAS LEON VICTOR,VICTOR LAGUNAS LEON
SEPULVEDA ORBENES ALEJANDRA,ALEJANDRA SEPULVEDA ORBENES
RICE SCHUMACHER CAMILO,CAMILO RICE SCHUMACHER
MACAYA DANUS JAVIER,JAVIER MACAYA DANUS
GONZALEZ FELIU MIGUEL,MIGUEL GONZALEZ FELIU
PEREZ LOBOS ANIBAL,ANIBAL PEREZ LOBOS
SALINAS HERRERA CRISTIAN,CRISTIAN SALINAS HERRERA
TOBAR LAGOS EDUARDO,EDUARDO TOBAR LAGOS
FERNANDEZ GATICA ROMINA,ROMINA FERNANDEZ GATICA
ESPEJO YAKSIC SERGIO,SERGIO ESPEJO YAKSIC
MORALES MUNOZ CELSO,CELSO MORALES MUNOZ
LEON RAMIREZ ROBERTO,ROBERTO LEON RAMIREZ
CORREA ESPINOSA SERGIO,SERGIO CORREA ESPINOSA
MONSALVE VERGARA SERGIO,SERGIO MONSALVE VERGARA
VERDUGO SOTO GERMAN,GERMAN VERDUGO SOTO
VALDEBENITO MANSILLA JUAN,JUAN VALDEBENITO MANSILLA
RIOSECO PAIS MARCELO,MARCELO RIOSECO PAIS
PAROT DONOSO CATALINA,CATALINA PAROT DONOSO
MUNOZ ROJAS MAURICIO,MAURICIO MUNOZ ROJAS
LORENZINI BASSO PABLO,PABLO LORENZINI BASSO
TARUD DACCARETT JORGE,JORGE TARUD DACCARETT
ITURRIAGA DELGADO RODRIGO,RODRIGO ITURRIAGA DELGADO
GUTIERREZ PINO ROMILIO,ROMILIO GUTIERREZ PINO
CARVAJAL CADIZ SERGIO,SERGIO CARVAJAL CADIZ
VIOVY APABLAZA ALEJANDRO,ALEJANDRO VIOVY APABLAZA
CERONI FUENTES GUILLERMO,GUILLERMO CERONI FUENTES
URRUTIA BONILLA IGNACIO,IGNACIO URRUTIA BONILLA
MATTA ARAGAY MANUEL,MANUEL MATTA ARAGAY
SAUERBAUM MUNOZ FRANK,FRANK SAUERBAUM MUNOZ
ARRIAGADA PARRA HECTOR,HECTOR ARRIAGADA PARRA
GUILISASTI PALACIOS JAIME,JAIME GUILISASTI PALACIOS
SABAG VILLALOBOS JORGE,JORGE SABAG VILLALOBOS
CARVAJAL AMBIADO LORETO,LORETO CARVAJAL AMBIADO
CAMPOS JARA CRISTIAN,CRISTIAN CAMPOS JARA
MADARIAGA BURROWS JORGE,JORGE MADARIAGA BURROWS
ULLOA AGUILLON JORGE,JORGE ULLOA AGUILLON
COINDREAU MALDONADO MARCEL,MARCEL COINDREAU MALDONADO
CONCHA ALARCON MAURICIO,MAURICIO CONCHA ALARCON
SUNICO GALDAMES RAUL,RAUL SUNICO GALDAMES
ARRIAGADA PARRA CLAUDIA,CLAUDIA ARRIAGADA PARRA
KRIMAN CHOCANO CLAUDIA,CLAUDIA KRIMAN CHOCANO
ROZAS PARADA DANIEL,DANIEL ROZAS PARADA
MUNOZ GONZALEZ FRANCESCA,FRANCESCA MUNOZ GONZALEZ
CORDOVA ECHEVERRIA FRANCISCO,FRANCISCO CORDOVA ECHEVERRIA
SOTO FIGUEROA JAIME,JAIME SOTO FIGUEROA
URRESTARAZU CARRION CARLOS,CARLOS URRESTARAZU CARRION
PACHECO RIVAS CLEMIRA,CLEMIRA PACHECO RIVAS
MONTECINOS OSSES DOMINGO,DOMINGO MONTECINOS OSSES
ARCE ORELLANA LORENNA,LORENNA ARCE ORELLANA
FRACZINET CHAVEZ LUIS,LUIS FRACZINET CHAVEZ
CHAVEZ VELASQUEZ MARCELO,MARCELO CHAVEZ VELASQUEZ
BOBADILLA MUNOZ SERGIO,SERGIO BOBADILLA MUNOZ
ARZOLA BURGOS CARLOS,CARLOS ARZOLA BURGOS
SANDOVAL TERAN RODRIGO,RODRIGO SANDOVAL TERAN
MARTINEZ LABBE ROSAURO,ROSAURO MARTINEZ LABBE
MARTINEZ HERNANDEZ CARLOS,CARLOS MARTINEZ HERNANDEZ
NORAMBUENA FARIAS IVAN,IVAN NORAMBUENA FARIAS
PEREZ OLEA JOANNA,JOANNA PEREZ OLEA
MONSALVE BENAVIDES MANUEL,MANUEL MONSALVE BENAVIDES
LOBOS GUTIERREZ MARGARITA,MARGARITA LOBOS GUTIERREZ
GUTIERREZ BRAVO ANTONIO,ANTONIO GUTIERREZ BRAVO
URRUTICOECHEA RIOS CRISTOBAL,CRISTOBAL URRUTICOECHEA RIOS
KRAUSE LOBOS ENRIQUE,ENRIQUE KRAUSE LOBOS
ROSALES GUZMAN JOEL,JOEL ROSALES GUZMAN
PEREZ ARRIAGADA JOSE,JOSE PEREZ ARRIAGADA
POBLETE ZAPATA ROBERTO,ROBERTO POBLETE ZAPATA
ARENAS HODAR GONZALO,GONZALO ARENAS HODAR
RATHGEB SCHIFFERLI JORGE,JORGE RATHGEB SCHIFFERLI
VENEGAS CARDENAS MARIO,MARIO VENEGAS CARDENAS
RAIN CALFIMAN VALERIA,VALERIA RAIN CALFIMAN
PAULSEN KEHR DIEGO,DIEGO PAULSEN KEHR
ESTAY PENALOZA ENRIQUE,ENRIQUE ESTAY PENALOZA
CHAHIN VALENZUELA FUAD,FUAD CHAHIN VALENZUELA
MUJICA ASCUI GLORIA,GLORIA MUJICA ASCUI
COLLIO CALCOMIN MARCELINO,MARCELINO COLLIO CALCOMIN
SEGURA HERRERA MARCELO,MARCELO SEGURA HERRERA
CABROLIER SANHUEZA ANDRE,ANDRE CABROLIER SANHUEZA
BECKER ALVEAR GERMAN,GERMAN BECKER ALVEAR
HERRERA VIDAL HUGO,HUGO HERRERA VIDAL
LOBOS VASQUEZ MARCO,MARCO LOBOS VASQUEZ
SAFFIRIO ESPINOZA RENE,RENE SAFFIRIO ESPINOZA
TUMA ZEIDAN ROMINA,ROMINA TUMA ZEIDAN
URZUA ZIROTTI XIMENA,XIMENA URZUA ZIROTTI
LAVIN MOLINA ALEXANDER,ALEXANDER LAVIN MOLINA
TUMA ZEDAN JOAQUIN,JOAQUIN TUMA ZEDAN
OJEDA REBOLLEDO MAURICIO,MAURICIO OJEDA REBOLLEDO
MEZA MONCADA FERNANDO,FERNANDO MEZA MONCADA
REYES SALGADO FRANCISCO,FRANCISCO REYES SALGADO
CASTRO MENDEZ JOSE,JOSE CASTRO MENDEZ
MONTALVA FEUERHAKE JOSE,JOSE MONTALVA FEUERHAKE
SALVO PEREIRA GUSTAVO,GUSTAVO SALVO PEREIRA
HERNANDEZ HERNANDEZ JAVIER,JAVIER HERNANDEZ HERNANDEZ
CARRASCO ARATA RODRIGO,RODRIGO CARRASCO ARATA
OJEDA URIBE SERGIO,SERGIO OJEDA URIBE
ALVIAL MUNOZ ADOLFO,ADOLFO ALVIAL MUNOZ
ESPINOZA SANDOVAL FIDEL,FIDEL ESPINOZA SANDOVAL
RUIZ ALVAREZ MARCELO,MARCELO RUIZ ALVAREZ
LLAUCA HUALA ORIETTA,ORIETTA LLAUCA HUALA
PINEDA HERRERA LEOPOLDO,LEOPOLDO PINEDA HERRERA
MASFERRER FARIAS LUIS,LUIS MASFERRER FARIAS
TURRES FIGUEROA MARISOL,MARISOL TURRES FIGUEROA
VALLESPIN LOPEZ PATRICIO,PATRICIO VALLESPIN LOPEZ
SANTANA TIRACHINI ALEJANDRO,ALEJANDRO SANTANA TIRACHINI
ALVAREZ VERA JENNY,JENNY ALVAREZ VERA
HENRIQUEZ SANDOVAL MAURICIO,MAURICIO HENRIQUEZ SANDOVAL
SANTIAGO LIVESEY PABLO,PABLO SANTIAGO LIVESEY
HORVATH GUTIERREZ ANTONIO,ANTONIO HORVATH GUTIERREZ
SANDOVAL PLAZA DAVID,DAVID SANDOVAL PLAZA
FUENTES CASTILLO IVAN,IVAN FUENTES CASTILLO
ACEVEDO RIVERA VICTOR,VICTOR ACEVEDO RIVERA
BETANCOURT GALLEGOS VIVIANA,VIVIANA BETANCOURT GALLEGOS
RUBILAR RUIZ DOMINGO,DOMINGO RUBILAR RUIZ
BORIC FONT GABRIEL,GABRIEL BORIC FONT
VILICIC PENA GLORIA,GLORIA VILICIC PENA
BIANCHI RETAMALES KARIM,KARIM BIANCHI RETAMALES
NOVAKOVIC KALASICH MARGARITA,MARGARITA NOVAKOVIC KALASICH
UTZ CONTRERAS RODRIGO,RODRIGO UTZ CONTRERAS
AMAR MANCILLA SANDRA,SANDRA AMAR MANCILLA
REYES VILLEGAS DANIELA,DANIELA REYES VILLEGAS
SILBER ROMO GABRIEL,GABRIEL SILBER ROMO
ROJAS MENDOZA LORENA,LORENA ROJAS MENDOZA
TORRES SALAZAR NELIDA,NELIDA TORRES SALAZAR
MELERO ABAROA PATRICIO,PATRICIO MELERO ABAROA
OLIVARES SEPULVEDA RAUL,RAUL OLIVARES SEPULVEDA
BURMEISTER LOBATO JOSE,JOSE BURMEISTER LOBATO
RUBILAR BARAHONA KARLA,KARLA RUBILAR BARAHONA
CASTILLO DUVAUCHELLE MARCELO,MARCELO CASTILLO DUVAUCHELLE
JOFRE RIVANO PABLO,PABLO JOFRE RIVANO
CARVACHO SAEZ RUBEN,RUBEN CARVACHO SAEZ
GIRARDI LAVIN CRISTINA,CRISTINA GIRARDI LAVIN
ESCOBAR ESCOBAR DANIEL,DANIEL ESCOBAR ESCOBAR
LOPEZ BALDOMA JUAN,JUAN LOPEZ BALDOMA
MONCKEBERG DIAZ NICOLAS,NICOLAS MONCKEBERG DIAZ
NOGUEIRA FERNANDEZ CLAUDIA,CLAUDIA NOGUEIRA FERNANDEZ
MENDEZ ROJAS CLAUDIO,CLAUDIO MENDEZ ROJAS
CUEVAS ROSSELOT EDUARDO,EDUARDO CUEVAS ROSSELOT
CARIOLA OLIVA KAROL,KAROL CARIOLA OLIVA
SANTELICES ALTAMIRANO OSCAR,OSCAR SANTELICES ALTAMIRANO
COFRE PINTO ROBERTO,ROBERTO COFRE PINTO
ALMENDARES CALDERON ALEJANDRO,ALEJANDRO ALMENDARES CALDERON
LAGOS MIRANDA CAMILO,CAMILO LAGOS MIRANDA
MIX JIMENEZ CLAUDIA,CLAUDIA MIX JIMENEZ
INFANTE ALCAINO ESTEBAN,ESTEBAN INFANTE ALCAINO
LAVIN LEON JOAQUIN,JOAQUIN LAVIN LEON
FUENTES SOTO JOSE,JOSE FUENTES SOTO
PIZARRO SIERRA LORENA,LORENA PIZARRO SIERRA
BURGOS LEON NATALIA,NATALIA BURGOS LEON
AUTH STEWART PEPE,PEPE AUTH STEWART
ORELLANA ALVAREZ CRISTIAN,CRISTIAN ORELLANA ALVAREZ
KAST SOMMERHOFF FELIPE,FELIPE KAST SOMMERHOFF
JACKSON DRAGO GIORGIO,GIORGIO JACKSON DRAGO
ZALAQUETT SAID MONICA,MONICA ZALAQUETT SAID
CRUZ-COKE CARVALLO CARLOS,CARLOS CRUZ-COKE CARVALLO
MORALES NORDETTI DAVID,DAVID MORALES NORDETTI
RUTCONSKY FIGUEROA HENRY,HENRY RUTCONSKY FIGUEROA
BELLOLIO AVARIA JAIME,JAIME BELLOLIO AVARIA
SOTO FERRADA LEONARDO,LEONARDO SOTO FERRADA
ALVAREZ ARMIJO ARSENIO,ARSENIO ALVAREZ ARMIJO
PASCAL ALLENDE DENISE,DENISE PASCAL ALLENDE
MUALIM FAJURI JESSICA,JESSICA MUALIM FAJURI
MADRIAGA CELIS JORGE,JORGE MADRIAGA CELIS
RETAMAL JARA MANUEL,MANUEL RETAMAL JARA
LOPEZ SALAZAR MARCELO,MARCELO LOPEZ SALAZAR
GONZALEZ DOLZ PATRICIO,PATRICIO GONZALEZ DOLZ
FIGUEROA CERDA FRANCISCO,FRANCISCO FIGUEROA CERDA
LABBE MARTINEZ JOSE,JOSE LABBE MARTINEZ
SABAT FERNANDEZ MARCELA,MARCELA SABAT FERNANDEZ
FERNANDEZ ALLENDE MAYA,MAYA FERNANDEZ ALLENDE
ROMAN ANDONE RODRIGO,RODRIGO ROMAN ANDONE
PAVLOVIC JELDRES SEBASTIAN,SEBASTIAN PAVLOVIC JELDRES
HERRERA ORTIZ ATILIO,ATILIO HERRERA ORTIZ
VALENZUELA MAUREIRA CATALINA,CATALINA VALENZUELA MAUREIRA
HORMAZABAL CEPEDA CRISTIAN,CRISTIAN HORMAZABAL CEPEDA
MONCKEBERG BRUNER CRISTIAN,CRISTIAN MONCKEBERG BRUNER
SILVA MENDEZ ERNESTO,ERNESTO SILVA MENDEZ
BLASET PEREZ LUCAS,LUCAS BLASET PEREZ
MORALES ERRAZURIZ PATRICIA,PATRICIA MORALES ERRAZURIZ
GIESEN AMTMANN EDUARDO,EDUARDO GIESEN AMTMANN
GACHOT HERNANDEZ GONZALO,GONZALO GACHOT HERNANDEZ
PILOWSKY GREENE JAIME,JAIME PILOWSKY GREENE
JEAME BARRUETO VICTOR,VICTOR JEAME BARRUETO
TORO CEPEDA VIRJINIA,VIRJINIA TORO CEPEDA
ARRIAGADA MACAYA CLAUDIO,CLAUDIO ARRIAGADA MACAYA
SAEZ VALDEBENITO CRISTOBAL,CRISTOBAL SAEZ VALDEBENITO
SALABERRY SOTO FELIPE,FELIPE SALABERRY SOTO
FARIAS PONCE RAMON,RAMON FARIAS PONCE
VALLEJO DOWLING CAMILA,CAMILA VALLEJO DOWLING
HASBUN SELUME GUSTAVO,GUSTAVO HASBUN SELUME
COLLAO GAZMURI INGLEA,INGLEA COLLAO GAZMURI
SALDANA CARRASCO MAX,MAX SALDANA CARRASCO
VIDAL VERGARA PAOLA,PAOLA VIDAL VERGARA
ALTAMIRANO ARANCIBIA PATRICIO,PATRICIO ALTAMIRANO ARANCIBIA
BASSO GALLO PATRICIO,PATRICIO BASSO GALLO
SOTO CONTRERAS RAFAEL,RAFAEL SOTO CONTRERAS
CORTEZ SASSO RODRIGO,RODRIGO CORTEZ SASSO
OSSANDON IRARRAZABAL XIMENA,XIMENA OSSANDON IRARRAZABAL
MELO CONTRERAS DANIEL,DANIEL MELO CONTRERAS
ARAUS VERA INGRID,INGRID ARAUS VERA
ALESSANDRI VERGARA JORGE,JORGE ALESSANDRI VERGARA
DESBORDES JIMENEZ MARIO,MARIO DESBORDES JIMENEZ
SERRANO SPALTMAN MIGUEL,MIGUEL SERRANO SPALTMAN
JIMENEZ FUENTES TUCAPEL,TUCAPEL JIMENEZ FUENTES
RIPETTI PENA CARLOS,CARLOS RIPETTI PENA
GOLBORNE PICCARDO IGNACIA,IGNACIA GOLBORNE PICCARDO
FREIRE VALLEJOS MATIAS,MATIAS FREIRE VALLEJOS
BROWNE URREJOLA PEDRO,PEDRO BROWNE URREJOLA
BARAHONA DIEGUEZ ADRIAN,ADRIAN BARAHONA DIEGUEZ
GARATE RIVERA LARRY,LARRY GARATE RIVERA
PEREZ LAHSEN LEOPOLDO,LEOPOLDO PEREZ LAHSEN
OVANDO VASQUEZ LUCY,LUCY OVANDO VASQUEZ
LABRANA SANTANA MARCELA,MARCELA LABRANA SANTANA
ANDRADE LARA OSVALDO,OSVALDO ANDRADE LARA
LAGUNA GEBAUER PATRICIO,PATRICIO LAGUNA GEBAUER
ORTIZ AVENDANO VICTOR,VICTOR ORTIZ AVENDANO
BERGER FETT BERNARDO,BERNARDO BERGER FETT
OLGUIN MORALES BORIS,BORIS OLGUIN MORALES
GERTER JARA HUGO,HUGO GERTER JARA
FLORES GARCIA IVAN,IVAN FLORES GARCIA
DELIC SASSO REMZA,REMZA DELIC SASSO
FUENZALIDA FIGUEROA GONZALO,GONZALO FUENZALIDA FIGUEROA
ULLOA HEINSOHN PATRICIO,PATRICIO ULLOA HEINSOHN
ERAZO WALTON RODRIGO,RODRIGO ERAZO WALTON
PINONES PINONES EDUARDO,EDUARDO PINONES PINONES
LEE FLORES ENRIQUE,ENRIQUE LEE FLORES
ROCAFULL LOPEZ LUIS,LUIS ROCAFULL LOPEZ
BALTOLU RASERA NINO,NINO BALTOLU RASERA
MIROSEVIC VERDUGO VLADO,VLADO MIROSEVIC VERDUGO
VALCARCE BECERRA XIMENA,XIMENA VALCARCE BECERRA
ORREGO HENRIQUEZ JIMENA ESTRELLA,JIMENA ESTRELLA ORREGO HENRIQUEZ
LATORRE CARMONA JUAN CARLOS,JUAN CARLOS LATORRE CARMONA
LETELIER MOREL JUAN PABLO,JUAN PABLO LETELIER MOREL
GARCIA MERINO LUIS FELIPE,LUIS FELIPE GARCIA MERINO
VASQUEZ VARELA OSMAN LENIN,OSMAN LENIN VASQUEZ VARELA
GARAY PITA RAFAEL EDUARDO,RAFAEL EDUARDO GARAY PITA
CARRASCO FRAY JUANITA ODETT,JUANITA ODETT CARRASCO FRAY
KUSCHEL SILVA CARLOS IGNACIO,CARLOS IGNACIO KUSCHEL SILVA
MUNOZ FLORES CARLOS ALBERTO,CARLOS ALBERTO MUNOZ FLORES
FLORES RAMIREZ SERGIO ENRIQUE,SERGIO ENRIQUE FLORES RAMIREZ
SILVA CUADRA ESTEBAN VALERIO,ESTEBAN VALERIO SILVA CUADRA
CARRENO FRAILE JOSE ANTONIO,JOSE ANTONIO CARRENO FRAILE
OSSA LAGARRIGUE JUAN GUILLERMO,JUAN GUILLERMO OSSA LAGARRIGUE
RENDON ESCOBAR LUIS MARIANO,LUIS MARIANO RENDON ESCOBAR
OSSANDON IRARRAZABAL MANUEL JOSE,MANUEL JOSE OSSANDON IRARRAZABAL
SCHULTZ OETTINGER FERNANDO ANDRES,FERNANDO ANDRES SCHULTZ OETTINGER
JAMETT PIZARRO CRISTIAN ANDRES,CRISTIAN ANDRES JAMETT PIZARRO
TICUNA VILCA HECTOR CARLOS,HECTOR CARLOS TICUNA VILCA
LIENDO SALAS JUAN CARLOS,JUAN CARLOS LIENDO SALAS
CORRALES VILLALOBOS LUIS ALBERTO,LUIS ALBERTO CORRALES VILLALOBOS
CONTRERAS RIVERA LUIS ARMANDO,LUIS ARMANDO CONTRERAS RIVERA
REYES ARAYA WILSON MANUEL,WILSON MANUEL REYES ARAYA
FERNANDEZ SLATER ALVARO FERNANDO,ALVARO FERNANDO FERNANDEZ SLATER
ACUNA CHAVEZ GUILLERMO ANTONIO,GUILLERMO ANTONIO ACUNA CHAVEZ
VELASQUEZ RAMIREZ JONATHAN RODRIGO,JONATHAN RODRIGO VELASQUEZ RAMIREZ
HERNANDO PEREZ MARCELA XIMENA,MARCELA XIMENA HERNANDO PEREZ
ABARCA ARAYA MIGUEL ANGEL,MIGUEL ANGEL ABARCA ARAYA
ROGER BARROS ALEXIS MAURICIO,ALEXIS MAURICIO ROGER BARROS
EWERT DAZA FEDERICO FERNANDO,FEDERICO FERNANDO EWERT DAZA
MACIAS URIZAR PAULO CESAR,PAULO CESAR MACIAS URIZAR
ZAPATA RODRIGUEZ JULIO MOISES,JULIO MOISES ZAPATA RODRIGUEZ
ROMERO QUIROZ KENNETH ARNALDO,KENNETH ARNALDO ROMERO QUIROZ
ROJAS ZAMBRA LUZ ELIANA,LUZ ELIANA ROJAS ZAMBRA
VELASQUEZ SEGUEL PEDRO ANTONIO,PEDRO ANTONIO VELASQUEZ SEGUEL
SALINAS PINTO JOSE ANTONIO,JOSE ANTONIO SALINAS PINTO
RISTEMPART SOTO LUIS ALBERTO,LUIS ALBERTO RISTEMPART SOTO
PEREZ MENESES HECTOR CHRISTIAN,HECTOR CHRISTIAN PEREZ MENESES
NUNEZ LOZANO MARCO ANTONIO,MARCO ANTONIO NUNEZ LOZANO
GORIGOITIA MUNOZ RODRIGO ALEX,RODRIGO ALEX GORIGOITIA MUNOZ
VENEGAS CLOBARES ASHLY TAMARA,ASHLY TAMARA VENEGAS CLOBARES
GONZALEZ NEIRA JOSE ANDRES,JOSE ANDRES GONZALEZ NEIRA
OTAROLA CACERES JOSE ANDRES,JOSE ANDRES OTAROLA CACERES
SANCHEZ VILLEGAS JAIME HERIBERTO,JAIME HERIBERTO SANCHEZ VILLEGAS
UGARTE DUQUE VICTOR ALONSO,VICTOR ALONSO UGARTE DUQUE
ESPINOZA VIDAL MARCELA ALEJANDRA,MARCELA ALEJANDRA ESPINOZA VIDAL
HOFFMANN OPAZO MARIA JOSE,MARIA JOSE HOFFMANN OPAZO
VERGARA BOLBARAN EDUARDO JAVIER,EDUARDO JAVIER VERGARA BOLBARAN
CASTRO GONZALEZ JUAN LUIS,JUAN LUIS CASTRO GONZALEZ
ORTEGA AEDO CARLOS ENRIQUE,CARLOS ENRIQUE ORTEGA AEDO
ROJAS DONOSO CRISTIAN ALFREDO,CRISTIAN ALFREDO ROJAS DONOSO
ARANEDA GONZALEZ BENJAMIN NELSON,BENJAMIN NELSON ARANEDA GONZALEZ
CAMIRUAGA ESPINOLA JUAN PABLO,JUAN PABLO CAMIRUAGA ESPINOLA
CAMILLA REYES VICTOR HUGO,VICTOR HUGO CAMILLA REYES
LITTIN LUENGO HECTOR MIGUEL,HECTOR MIGUEL LITTIN LUENGO
ARANEDA CARRASCO WASHINGTON LEONCIO,WASHINGTON LEONCIO ARANEDA CARRASCO
BRAVO QUIJADA LUIS FERNANDO,LUIS FERNANDO BRAVO QUIJADA
MINO LILLO MIGUEL ANGEL,MIGUEL ANGEL MINO LILLO
MONSALVE SALAS ALVARO ADRIANO,ALVARO ADRIANO MONSALVE SALAS
DREWS RUBILAR CARLOS FELIPE,CARLOS FELIPE DREWS RUBILAR
VILLAGRAN PAREDES MARIA ELENA,MARIA ELENA VILLAGRAN PAREDES
ALVAREZ-SALAMANCA RAMIREZ PEDRO PABLO,PEDRO PABLO ALVAREZ-SALAMANCA RAMIREZ
CORREA ORELLANA RAFAEL ESTEBAN,RAFAEL ESTEBAN CORREA ORELLANA
VERGARA ENCINA YANIS MARIA,YANIS MARIA VERGARA ENCINA
PINOCHET OLAVE JOSE IGNACIO,JOSE IGNACIO PINOCHET OLAVE
LUMAN LUMAN LUCIANO ANDRES,LUCIANO ANDRES LUMAN LUMAN
LOPEZ CARTES JOSE ALEJANDRO,JOSE ALEJANDRO LOPEZ CARTES
ORTIZ NOVOA JOSE MIGUEL,JOSE MIGUEL ORTIZ NOVOA
HERRERA CEBALLOS ANA MARIA,ANA MARIA HERRERA CEBALLOS
REYES MUNOZ GONZALO EDUARDO,GONZALO EDUARDO REYES MUNOZ
CORTES BERNAL HERNAN MAURICIO,HERNAN MAURICIO CORTES BERNAL
FRANCESCONI RIQUELME ROBERTO ANDRES,ROBERTO ANDRES FRANCESCONI RIQUELME
JARPA WEVAR CARLOS ABEL,CARLOS ABEL JARPA WEVAR
CORNEJO SOTO CARMEN GLORIA,CARMEN GLORIA CORNEJO SOTO
MORA MUNOZ RICARDO MAURICIO,RICARDO MAURICIO MORA MUNOZ
LANDERO SANCHEZ ELISA LUDGARDIS,ELISA LUDGARDIS LANDERO SANCHEZ
ULLOA PEREZ BARBARA PAZ,BARBARA PAZ ULLOA PEREZ
TORRES PAREDES JUAN JOSE,JUAN JOSE TORRES PAREDES
EDWARDS SILVA JOSE MANUEL,JOSE MANUEL EDWARDS SILVA
PAILLALEF ALARCON JUAN CARLOS,JUAN CARLOS PAILLALEF ALARCON
GARCIA GARCIA RENE MANUEL,RENE MANUEL GARCIA GARCIA
SOTO SANHUEZA JUAN CARLOS,JUAN CARLOS SOTO SANHUEZA
GONZALEZ ESPARZA MARIO JACINTO,MARIO JACINTO GONZALEZ ESPARZA
GUZMAN TRAIMUN SAMUEL HERNAN,SAMUEL HERNAN GUZMAN TRAIMUN
PAPIC ARCE VICENTE ALBERTO,VICENTE ALBERTO PAPIC ARCE
SALGADO MAC-CONELL DONALD JAVIER,DONALD JAVIER SALGADO MAC-CONELL
ZUNIGA OBANDO LUIS FELIPE,LUIS FELIPE ZUNIGA OBANDO
HENRIQUEZ BARRIA MAURICIO ALEJANDRO,MAURICIO ALEJANDRO HENRIQUEZ BARRIA
CIFUENTES GUTIERREZ VERONICA GRACIELA,VERONICA GRACIELA CIFUENTES GUTIERREZ
VUKASOVIC MONTT CAROL PAULINA,CAROL PAULINA VUKASOVIC MONTT
VALENZUELA OYARZO GONZALO MIGUEL,GONZALO MIGUEL VALENZUELA OYARZO
ABURTO BARRIA JOSE ROBERTO,JOSE ROBERTO ABURTO BARRIA
PAREDES LOPEZ MARIO EDUARDO,MARIO EDUARDO PAREDES LOPEZ
DIAZ LIPSKI HERIBERTO FEDERICO,HERIBERTO FEDERICO DIAZ LIPSKI
OYARZO ZUNIGA MARIA GLADIS,MARIA GLADIS OYARZO ZUNIGA
BAHAMONDE BRINTRUP VICTOR HUGO,VICTOR HUGO BAHAMONDE BRINTRUP
TORRES DELGADO CLAUDIA ANDREA,CLAUDIA ANDREA TORRES DELGADO
ALINCO BUSTOS RENE OSVALDO,RENE OSVALDO ALINCO BUSTOS
IVELIC SUAREZ JORGE PATRICIO,JORGE PATRICIO IVELIC SUAREZ
MORANO CORNEJO JUAN ENRIQUE,JUAN ENRIQUE MORANO CORNEJO
ROVIRA SOTO GONZALO RENE,GONZALO RENE ROVIRA SOTO
VALENZUELA VARGAS JUAN ENRIQUE,JUAN ENRIQUE VALENZUELA VARGAS
MALDONADO OLIVARES RICARDO IVAN,RICARDO IVAN MALDONADO OLIVARES
SEPULVEDA ROJAS ANDRES EUGENIO,ANDRES EUGENIO SEPULVEDA ROJAS
FARCAS GUENDELMAN DANIEL ALEJANDRO,DANIEL ALEJANDRO FARCAS GUENDELMAN
ROSALES VARGAS JORGE EDUARDO,JORGE EDUARDO ROSALES VARGAS
URZUA ARREDONDO LUIS ALBERTO,LUIS ALBERTO URZUA ARREDONDO
JIMENEZ PEREZ ROLANDO PAUL,ROLANDO PAUL JIMENEZ PEREZ
LISPERGUER SANCHEZ CARLOS EDINSON,CARLOS EDINSON LISPERGUER SANCHEZ
PALACIOS AUSPONT RAUL ANDRES,RAUL ANDRES PALACIOS AUSPONT
PURAN PURAN EDUARD PATRICIO,EDUARD PATRICIO PURAN PURAN
SAZO BOLBARAN GALVARINO ANDRES,GALVARINO ANDRES SAZO BOLBARAN
VALDES VALENCIA JUAN FRANCISCO,JUAN FRANCISCO VALDES VALENCIA
ALVAREZ AGUILAR MARIA TERESA,MARIA TERESA ALVAREZ AGUILAR
CONTRERAS MARIN EDUARDO FRANCISCO,EDUARDO FRANCISCO CONTRERAS MARIN
SCHILLING FUENZALIDA MARIO TOMAS,MARIO TOMAS SCHILLING FUENZALIDA
NUNEZ MESQUIDA RONY ESTEBAN,RONY ESTEBAN NUNEZ MESQUIDA
MANCILLA ORTIZ CARLOS ANDRES,CARLOS ANDRES MANCILLA ORTIZ
MARINAO FLORES FELIX ANTONIO,FELIX ANTONIO MARINAO FLORES
SEGUEL ROBLES IGNACIO ANDRES,IGNACIO ANDRES SEGUEL ROBLES
HENRIQUEZ SUAZO NICOLAS MALCOUX,NICOLAS MALCOUX HENRIQUEZ SUAZO
RUBIO ABARCA ESPERANZA PRISCILA,ESPERANZA PRISCILA RUBIO ABARCA
PARRA PINTO FRANCISCO ALBERTO,FRANCISCO ALBERTO PARRA PINTO
COLOMA ALAMOS JUAN ANTONIO,JUAN ANTONIO COLOMA ALAMOS
VILLARROEL NOVOA CRISTIAN ORLANDO,CRISTIAN ORLANDO VILLARROEL NOVOA
STAGER RUIZ BEATRIZ VIOLETA,BEATRIZ VIOLETA STAGER RUIZ
SICHEL RAMIREZ SEBASTIAN IGLESIAS,SEBASTIAN IGLESIAS SICHEL RAMIREZ
REYES GUASTA ANTONIO ALFREDO,ANTONIO ALFREDO REYES GUASTA
KAST RIST JOSE ANTONIO,JOSE ANTONIO KAST RIST
ALARCON ROJAS RAUL FLORCITA,RAUL FLORCITA ALARCON ROJAS
AVILA CERDA CRISTIAN RAUL,CRISTIAN RAUL AVILA CERDA
MONTOYA RIQUELME GONZALO EUGENIO,GONZALO EUGENIO MONTOYA RIQUELME
RUZ HERRERA JUAN CARLOS,JUAN CARLOS RUZ HERRERA
PIZARRO VELIZ LUIS ESTEBAN,LUIS ESTEBAN PIZARRO VELIZ
OJEDA VASQUEZ SALVADOR VICTOR,SALVADOR VICTOR OJEDA VASQUEZ
HENRIQUEZ MUNIZ JOSE ANTONIO,JOSE ANTONIO HENRIQUEZ MUNIZ
MATELUNA LAGOS DAVID ULISES,DAVID ULISES MATELUNA LAGOS
LARRAIN SANCHEZ SERGIO HERNAN,SERGIO HERNAN LARRAIN SANCHEZ
ARAVENA PEREZ VARINIA YUSETH,VARINIA YUSETH ARAVENA PEREZ
DURAN MARTINEZ FELIPE AUGUSTO,FELIPE AUGUSTO DURAN MARTINEZ
LEMUNIR EPUYAO JUAN LUIS,JUAN LUIS LEMUNIR EPUYAO
ORELLANA VARAS NANCY DOMITILA,NANCY DOMITILA ORELLANA VARAS
INIGUEZ GONZALEZ GONZALO EDUARDO,GONZALO EDUARDO INIGUEZ GONZALEZ
ARANCIBIA ROJAS EDWIN RENE,EDWIN RENE ARANCIBIA ROJAS
ALVEAR MONTECINOS MARIA ANGELICA,MARIA ANGELICA ALVEAR MONTECINOS
MOYA NUNEZ PABLO ANDRES,PABLO ANDRES MOYA NUNEZ
ALDERETE PEREZ PAOLO ALEXANDER,PAOLO ALEXANDER ALDERETE PEREZ
DIAZ GONZALEZ ANIBAL EDUARDO,ANIBAL EDUARDO DIAZ GONZALEZ
CANDIA OAKLEY DULCELINA YOLANDA ISABEL,DULCELINA YOLANDA ISABEL CANDIA OAKLEY
PARRA SEPULVEDA JUAN DE DIOS,JUAN DE DIOS PARRA SEPULVEDA
GARCES REMOLCOY SUSANA DE LOURDES,SUSANA DE LOURDES GARCES REMOLCOY
NUNEZ SERRANO ORIELE MARIA EUGENIA,ORIELE MARIA EUGENIA NUNEZ SERRANO
SANTIBANEZ NOVOA MARISELA DEL CARMEN,MARISELA DEL CARMEN SANTIBANEZ NOVOA
PARRA PAOLA,PAOLA PARRA
